<?xml version="1.0" encoding="UTF-8" standalone="yes"?>
<addon id="game.emulationstation" name="EmulationStation" version="8.201.1" provider-name="Bite Your Idols!">
  <requires>
    <import addon="xbmc.python" version="2.1.0"/>
    <import addon="game.retroarch" version="8.167.1"/>
  </requires>
  <extension point="xbmc.python.pluginsource" library="addon.py">
		<provides>executable game</provides>
	</extension>
  <extension point="xbmc.addon.metadata">
    <summary lang="en">EmulationStation frontend for LibreELEC.</summary>
    <description lang="en">EmulationStation frontend for LibreELEC</description>
    <assets>
      <icon>icon.jpg</icon>
      <fanart>fanart.jpg</fanart>
      <screenshot>resources/screenshot01.png</screenshot>
      <screenshot>resources/screenshot02.png</screenshot>
      <screenshot>fanart.jpg</screenshot>
    </assets>
  </extension>
</addon>
